Vehicle,Label
raw/bus/bus001.jpg,1
raw/bus/bus003.jpg,1
raw/bus/bus004.jpg,1
raw/bus/bus006.jpg,1
raw/bus/bus007.jpg,1
raw/bus/bus009.jpg,1
raw/bus/bus010.jpg,1
raw/bus/bus011.jpg,1
raw/bus/bus012.jpg,1
raw/bus/bus013.jpg,1
raw/bus/bus014.jpg,1
raw/bus/bus015.jpg,1
raw/bus/bus016.jpg,1
raw/bus/bus018.jpg,1
raw/bus/bus020.jpg,1
raw/bus/bus021.jpg,1
raw/bus/bus022.jpg,1
raw/bus/bus023.jpg,1
raw/bus/bus024.jpg,1
raw/bus/bus025.jpg,1
raw/bus/bus026.jpg,1
raw/bus/bus027.jpg,1
raw/bus/bus028.jpg,1
raw/bus/bus029.jpg,1
raw/bus/bus030.jpg,1
raw/bus/bus031.jpg,1
raw/bus/bus032.jpg,1
raw/bus/bus035.jpg,1
raw/bus/bus036.jpg,1
raw/bus/bus037.jpg,1
raw/bus/bus038.jpg,1
raw/bus/bus039.jpg,1
raw/bus/bus041.jpg,1
raw/bus/bus042.jpg,1
raw/bus/bus047.jpg,1
raw/bus/bus048.jpg,1
raw/bus/bus049.jpg,1
raw/bus/bus050.jpg,1
raw/bus/bus053.jpg,1
raw/bus/bus054.jpg,1
raw/bus/bus055.jpg,1
raw/bus/bus058.jpg,1
raw/bus/bus059.jpg,1
raw/bus/bus060.jpg,1
raw/bus/bus061.jpg,1
raw/bus/bus062.jpg,1
raw/bus/bus064.jpg,1
raw/bus/bus065.jpg,1
raw/bus/bus067.jpg,1
raw/bus/bus068.jpg,1
raw/bus/bus069.jpg,1
raw/bus/bus070.jpg,1
raw/bus/bus071.jpg,1
raw/bus/bus072.jpg,1
raw/bus/bus073.jpg,1
raw/bus/bus074.jpg,1
raw/bus/bus075.jpg,1
raw/bus/bus076.jpg,1
raw/bus/bus078.jpg,1
raw/bus/bus079.jpg,1
raw/bus/bus081.jpg,1
raw/bus/bus082.jpg,1
raw/bus/bus083.jpg,1
raw/bus/bus084.jpg,1
raw/bus/bus085.jpg,1
raw/bus/bus086.jpg,1
raw/bus/bus087.jpg,1
raw/bus/bus088.jpg,1
raw/bus/bus089.jpg,1
raw/bus/bus090.jpg,1
raw/bus/bus091.jpg,1
raw/bus/bus092.jpg,1
raw/bus/bus093.jpg,1
raw/bus/bus094.jpg,1
raw/bus/bus095.jpg,1
raw/bus/bus098.jpg,1
raw/bus/bus100.jpg,1
raw/bus/bus101.jpg,1
raw/bus/bus102.jpg,1
raw/bus/bus103.jpg,1
raw/bus/bus104.jpg,1
raw/bus/bus105.jpg,1
raw/bus/bus106.jpg,1
raw/bus/bus107.jpg,1
raw/bus/bus108.jpg,1
raw/bus/bus109.jpg,1
raw/bus/bus110.jpg,1
raw/bus/bus111.jpg,1
raw/bus/bus112.jpg,1
raw/bus/bus113.jpg,1
raw/bus/bus116.jpg,1
raw/bus/bus117.jpg,1
raw/bus/bus118.jpg,1
raw/bus/bus120.jpg,1
raw/bus/bus121.jpg,1
raw/bus/bus122.jpg,1
raw/bus/bus123.jpg,1
raw/bus/bus124.jpg,1
raw/bus/bus125.jpg,1
raw/bus/bus126.jpg,1
raw/bus/bus128.jpg,1
raw/bus/bus129.jpg,1
raw/bus/bus130.jpg,1
raw/bus/bus131.jpg,1
raw/bus/bus134.jpg,1
raw/bus/bus136.jpg,1
raw/bus/bus137.jpg,1
raw/bus/bus138.jpg,1
raw/bus/bus140.jpg,1
raw/bus/bus142.jpg,1
raw/bus/bus143.jpg,1
raw/bus/bus144.jpg,1
raw/bus/bus146.jpg,1
raw/bus/bus147.jpg,1
raw/bus/bus148.jpg,1
raw/bus/bus149.jpg,1
raw/bus/bus150.jpg,1
raw/bus/bus151.jpg,1
raw/bus/bus152.jpg,1
raw/bus/bus153.jpg,1
raw/bus/bus154.jpg,1
raw/bus/bus155.jpg,1
raw/bus/bus157.jpg,1
raw/bus/bus158.jpg,1
raw/bus/bus159.jpg,1
raw/bus/bus160.jpg,1
raw/bus/bus161.jpg,1
raw/bus/bus162.jpg,1
raw/bus/bus163.jpg,1
raw/bus/bus164.jpg,1
raw/bus/bus165.jpg,1
raw/bus/bus166.jpg,1
raw/bus/bus167.jpg,1
raw/bus/bus168.jpg,1
raw/bus/bus169.jpg,1
raw/bus/bus171.jpg,1
raw/bus/bus172.jpg,1
raw/bus/bus174.jpg,1
raw/bus/bus175.jpg,1
raw/bus/bus176.jpg,1
raw/bus/bus177.jpg,1
raw/bus/bus178.jpg,1
raw/bus/bus179.jpg,1
raw/bus/bus180.jpg,1
raw/bus/bus181.jpg,1
raw/bus/bus182.jpg,1
raw/bus/bus184.jpg,1
raw/bus/bus185.jpg,1
raw/bus/bus186.jpg,1
raw/bus/bus187.jpg,1
raw/bus/bus188.jpg,1
raw/bus/bus189.jpg,1
raw/bus/bus191.jpg,1
raw/bus/bus193.jpg,1
raw/bus/bus194.jpg,1
raw/bus/bus195.jpg,1
raw/bus/bus196.jpg,1
raw/bus/bus197.jpg,1
raw/bus/bus198.jpg,1
raw/bus/bus199.jpg,1
raw/bus/bus202.jpg,1
raw/bus/bus203.jpg,1
raw/bus/bus204.jpg,1
raw/bus/bus205.jpg,1
raw/bus/bus206.jpg,1
raw/bus/bus207.jpg,1
raw/bus/bus208.jpg,1
raw/bus/bus210.jpg,1
raw/bus/bus211.jpg,1
raw/bus/bus212.jpg,1
raw/bus/bus214.jpg,1
raw/bus/bus215.jpg,1
raw/bus/bus216.jpg,1
raw/bus/bus217.jpg,1
raw/car/car001.jpg,0
raw/car/car003.jpg,0
raw/car/car004.jpg,0
raw/car/car005.jpg,0
raw/car/car006.jpg,0
raw/car/car007.jpg,0
raw/car/car008.jpg,0
raw/car/car009.jpg,0
raw/car/car010.jpg,0
raw/car/car011.jpg,0
raw/car/car013.jpg,0
raw/car/car014.jpg,0
raw/car/car015.jpg,0
raw/car/car016.jpg,0
raw/car/car017.jpg,0
raw/car/car019.jpg,0
raw/car/car020.jpg,0
raw/car/car021.jpg,0
raw/car/car022.jpg,0
raw/car/car023.jpg,0
raw/car/car024.jpg,0
raw/car/car026.jpg,0
raw/car/car027.jpg,0
raw/car/car028.jpg,0
raw/car/car029.jpg,0
raw/car/car031.jpg,0
raw/car/car032.jpg,0
raw/car/car033.jpg,0
raw/car/car035.jpg,0
raw/car/car037.jpg,0
raw/car/car038.jpg,0
raw/car/car039.jpg,0
raw/car/car040.jpg,0
raw/car/car041.jpg,0
raw/car/car042.jpg,0
raw/car/car043.jpg,0
raw/car/car044.jpg,0
raw/car/car045.jpg,0
raw/car/car046.jpg,0
raw/car/car048.jpg,0
raw/car/car049.jpg,0
raw/car/car050.jpg,0
raw/car/car051.jpg,0
raw/car/car052.jpg,0
raw/car/car055.jpg,0
raw/car/car056.jpg,0
raw/car/car057.jpg,0
raw/car/car059.jpg,0
raw/car/car061.jpg,0
raw/car/car064.jpg,0
raw/car/car065.jpg,0
raw/car/car067.jpg,0
raw/car/car068.jpg,0
raw/car/car069.jpg,0
raw/car/car070.jpg,0
raw/car/car071.jpg,0
raw/car/car073.jpg,0
raw/car/car074.jpg,0
raw/car/car075.jpg,0
raw/car/car076.jpg,0
raw/car/car077.jpg,0
raw/car/car078.jpg,0
raw/car/car079.jpg,0
raw/car/car080.jpg,0
raw/car/car081.jpg,0
raw/car/car082.jpg,0
raw/car/car083.jpg,0
raw/car/car085.jpg,0
raw/car/car086.jpg,0
raw/car/car088.jpg,0
raw/car/car090.jpg,0
raw/car/car091.jpg,0
raw/car/car092.jpg,0
raw/car/car093.jpg,0
raw/car/car094.jpg,0
raw/car/car095.jpg,0
raw/car/car096.jpg,0
raw/car/car097.jpg,0
raw/car/car098.jpg,0
raw/car/car100.jpg,0
raw/car/car101.jpg,0
raw/car/car102.jpg,0
raw/car/car104.jpg,0
raw/car/car107.jpg,0
raw/car/car108.jpg,0
raw/car/car109.jpg,0
raw/car/car110.jpg,0
raw/car/car111.jpg,0
raw/car/car112.jpg,0
raw/car/car113.jpg,0
raw/car/car114.jpg,0
raw/car/car115.jpg,0
raw/car/car118.jpg,0
raw/car/car119.jpg,0
raw/car/car121.jpg,0
raw/car/car122.jpg,0
raw/car/car123.jpg,0
raw/car/car124.jpg,0
raw/car/car125.jpg,0
raw/car/car126.jpg,0
raw/car/car127.jpg,0
raw/car/car128.jpg,0
raw/car/car129.jpg,0
raw/car/car130.jpg,0
raw/car/car131.jpg,0
raw/car/car133.jpg,0
raw/car/car134.jpg,0
raw/car/car135.jpg,0
raw/car/car136.jpg,0
raw/car/car137.jpg,0
raw/car/car140.jpg,0
raw/car/car141.jpg,0
raw/car/car142.jpg,0
raw/car/car143.jpg,0
raw/car/car144.jpg,0
raw/car/car145.jpg,0
raw/car/car146.jpg,0
raw/car/car147.jpg,0
raw/car/car148.jpg,0
raw/car/car149.jpg,0
raw/car/car150.jpg,0
raw/car/car151.jpg,0
raw/car/car154.jpg,0
raw/car/car155.jpg,0
raw/car/car156.jpg,0
raw/car/car158.jpg,0
raw/car/car159.jpg,0
raw/car/car160.jpg,0
raw/car/car161.jpg,0
raw/car/car162.jpg,0
raw/car/car163.jpg,0
raw/car/car164.jpg,0
raw/car/car165.jpg,0
raw/car/car166.jpg,0
raw/car/car167.jpg,0
raw/car/car169.jpg,0
raw/car/car170.jpg,0
raw/car/car171.jpg,0
raw/car/car172.jpg,0
raw/car/car173.jpg,0
raw/car/car174.jpg,0
raw/car/car175.jpg,0
raw/car/car176.jpg,0
raw/car/car178.jpg,0
raw/car/car179.jpg,0
raw/car/car180.jpg,0
raw/car/car181.jpg,0
raw/car/car185.jpg,0
raw/car/car186.jpg,0
raw/car/car188.jpg,0
raw/car/car189.jpg,0
raw/car/car190.jpg,0
raw/car/car191.jpg,0
raw/car/car193.jpg,0
raw/car/car194.jpg,0
raw/car/car195.jpg,0
raw/car/car196.jpg,0
raw/car/car197.jpg,0
raw/car/car198.jpg,0
raw/car/car199.jpg,0
raw/car/car200.jpg,0
raw/car/car201.jpg,0
raw/car/car202.jpg,0
raw/car/car203.jpg,0
raw/car/car204.jpg,0
raw/car/car205.jpg,0
raw/car/car206.jpg,0
raw/car/car207.jpg,0
raw/car/car208.jpg,0
raw/car/car210.jpg,0
raw/car/car211.jpg,0
raw/car/car213.jpg,0
raw/car/car214.jpg,0
raw/car/car216.jpg,0
raw/car/car217.jpg,0
raw/car/car218.jpg,0
raw/car/car219.jpg,0
raw/car/car220.jpg,0
raw/car/car221.jpg,0
raw/car/car223.jpg,0
raw/car/car224.jpg,0
raw/car/car226.jpg,0
raw/car/car228.jpg,0
raw/car/car229.jpg,0
raw/car/car230.jpg,0
raw/car/car231.jpg,0
raw/car/car232.jpg,0
raw/car/car233.jpg,0
raw/car/car234.jpg,0
raw/car/car235.jpg,0
raw/car/car236.jpg,0
raw/car/car239.jpg,0
raw/car/car240.jpg,0
raw/car/car241.jpg,0
raw/car/car242.jpg,0
raw/car/car243.jpg,0
raw/car/car244.jpg,0
raw/car/car245.jpg,0
raw/car/car246.jpg,0
raw/car/car247.jpg,0
raw/car/car248.jpg,0
raw/car/car251.jpg,0
raw/car/car252.jpg,0
raw/car/car253.jpg,0
raw/car/car254.jpg,0
raw/car/car255.jpg,0
raw/car/car256.jpg,0
raw/car/car258.jpg,0
raw/car/car259.jpg,0
raw/car/car260.jpg,0
raw/car/car261.jpg,0
raw/car/car262.jpg,0
raw/car/car264.jpg,0
raw/car/car265.jpg,0
raw/car/car266.jpg,0
raw/car/car267.jpg,0
raw/car/car268.jpg,0
raw/car/car269.jpg,0
raw/car/car270.jpg,0
raw/car/car271.jpg,0
raw/car/car272.jpg,0
raw/car/car273.jpg,0
raw/car/car274.jpg,0
raw/car/car276.jpg,0
raw/car/car277.jpg,0
raw/car/car278.jpg,0
raw/car/car280.jpg,0
raw/car/car281.jpg,0
raw/car/car282.jpg,0
raw/car/car284.jpg,0
raw/car/car285.jpg,0
raw/car/car286.jpg,0
raw/car/car287.jpg,0
raw/car/car289.jpg,0
raw/car/car290.jpg,0
raw/car/car291.jpg,0
raw/car/car292.jpg,0
raw/car/car293.jpg,0
raw/car/car294.jpg,0
raw/car/car295.jpg,0
raw/car/car296.jpg,0
raw/car/car297.jpg,0
raw/car/car298.jpg,0
raw/car/car301.jpg,0
raw/car/car302.jpg,0
raw/car/car303.jpg,0
raw/car/car304.jpg,0
raw/car/car305.jpg,0
raw/car/car306.jpg,0
raw/car/car307.jpg,0
raw/car/car308.jpg,0
raw/car/car309.jpg,0
raw/car/car310.jpg,0
raw/car/car311.jpg,0
raw/car/car312.jpg,0
raw/car/car313.jpg,0
raw/car/car314.jpg,0
raw/car/car315.jpg,0
raw/car/car316.jpg,0
raw/car/car319.jpg,0
raw/car/car320.jpg,0
raw/car/car321.jpg,0
raw/car/car322.jpg,0
raw/car/car323.jpg,0
raw/car/car324.jpg,0
raw/car/car325.jpg,0
raw/car/car326.jpg,0
raw/car/car327.jpg,0
raw/car/car328.jpg,0
raw/car/car329.jpg,0
raw/car/car330.jpg,0
raw/car/car331.jpg,0
raw/car/car332.jpg,0
raw/car/car333.jpg,0
raw/car/car334.jpg,0
raw/car/car335.jpg,0
raw/car/car337.jpg,0
raw/car/car338.jpg,0
raw/car/car339.jpg,0
raw/car/car340.jpg,0
raw/car/car341.jpg,0
raw/car/car342.jpg,0
raw/car/car343.jpg,0
raw/car/car344.jpg,0
raw/car/car346.jpg,0
raw/car/car347.jpg,0
raw/car/car348.jpg,0
raw/car/car349.jpg,0
raw/car/car350.jpg,0
raw/car/car352.jpg,0
raw/car/car353.jpg,0
raw/car/car354.jpg,0
raw/car/car355.jpg,0
raw/car/car356.jpg,0
raw/car/car359.jpg,0
raw/car/car361.jpg,0
raw/car/car362.jpg,0
raw/car/car363.jpg,0
raw/car/car364.jpg,0
raw/car/car365.jpg,0
raw/car/car366.jpg,0
raw/car/car367.jpg,0
raw/car/car368.jpg,0
raw/car/car370.jpg,0
raw/car/car371.jpg,0
raw/car/car372.jpg,0
raw/car/car373.jpg,0
raw/car/car375.jpg,0
raw/car/car378.jpg,0
raw/car/car382.jpg,0
raw/car/car383.jpg,0
raw/car/car384.jpg,0
raw/car/car385.jpg,0
raw/car/car387.jpg,0
raw/car/car388.jpg,0
raw/car/car389.jpg,0
raw/car/car390.jpg,0
raw/car/car391.jpg,0
raw/car/car392.jpg,0
raw/car/car393.jpg,0
raw/car/car394.jpg,0
raw/car/car395.jpg,0
raw/car/car397.jpg,0
raw/car/car398.jpg,0
raw/car/car399.jpg,0
raw/car/car400.jpg,0
raw/car/car401.jpg,0
raw/car/car403.jpg,0
raw/car/car405.jpg,0
raw/car/car406.jpg,0
raw/car/car407.jpg,0
raw/car/car408.jpg,0
raw/car/car409.jpg,0
raw/car/car411.jpg,0
raw/car/car412.jpg,0
raw/car/car413.jpg,0
raw/car/car414.jpg,0
raw/car/car415.jpg,0
raw/car/car416.jpg,0
raw/car/car417.jpg,0
raw/car/car418.jpg,0
raw/car/car419.jpg,0
raw/car/car420.jpg,0
raw/car/car421.jpg,0
raw/car/car422.jpg,0
raw/car/car423.jpg,0
raw/car/car425.jpg,0
raw/car/car426.jpg,0
raw/car/car427.jpg,0
raw/car/car428.jpg,0
raw/car/car429.jpg,0
raw/car/car430.jpg,0
raw/car/car431.jpg,0
raw/car/car432.jpg,0
raw/car/car433.jpg,0
raw/car/car434.jpg,0
raw/car/car435.jpg,0
raw/car/car436.jpg,0
raw/car/car438.jpg,0
raw/car/car440.jpg,0
raw/car/car442.jpg,0
raw/car/car443.jpg,0
raw/car/car444.jpg,0
raw/car/car445.jpg,0
raw/car/car446.jpg,0
raw/car/car447.jpg,0
raw/car/car448.jpg,0
raw/car/car449.jpg,0
raw/car/car450.jpg,0
raw/car/car451.jpg,0
raw/car/car452.jpg,0
raw/car/car453.jpg,0
raw/car/car455.jpg,0
raw/car/car456.jpg,0
raw/car/car459.jpg,0
raw/car/car462.jpg,0
raw/car/car463.jpg,0
raw/car/car464.jpg,0
raw/car/car465.jpg,0
raw/car/car466.jpg,0
raw/car/car467.jpg,0
raw/car/car468.jpg,0
raw/car/car469.jpg,0
raw/car/car471.jpg,0
raw/car/car472.jpg,0
raw/car/car473.jpg,0
raw/car/car474.jpg,0
raw/car/car476.jpg,0
raw/car/car478.jpg,0
raw/car/car479.jpg,0
raw/car/car480.jpg,0
raw/car/car481.jpg,0
raw/car/car482.jpg,0
raw/car/car483.jpg,0
raw/car/car484.jpg,0
raw/car/car485.jpg,0
raw/car/car487.jpg,0
raw/car/car488.jpg,0
raw/car/car489.jpg,0
raw/car/car491.jpg,0
raw/car/car492.jpg,0
raw/car/car493.jpg,0
raw/car/car494.jpg,0
raw/car/car496.jpg,0
raw/car/car497.jpg,0
raw/car/car498.jpg,0
raw/car/car499.jpg,0
raw/car/car501.jpg,0
raw/car/car503.jpg,0
raw/car/car504.jpg,0
raw/car/car505.jpg,0
raw/car/car506.jpg,0
raw/car/car507.jpg,0
raw/car/car508.jpg,0
raw/car/car509.jpg,0
raw/car/car510.jpg,0
raw/car/car512.jpg,0
raw/car/car513.jpg,0
raw/car/car514.jpg,0
raw/car/car515.jpg,0
raw/car/car516.jpg,0
raw/car/car517.jpg,0
raw/car/car518.jpg,0
raw/car/car519.jpg,0
raw/car/car520.jpg,0
raw/car/car521.jpg,0
raw/car/car522.jpg,0
raw/car/car523.jpg,0
raw/car/car524.jpg,0
raw/car/car526.jpg,0
raw/car/car527.jpg,0
raw/car/car528.jpg,0
raw/car/car529.jpg,0
raw/car/car530.jpg,0
raw/car/car531.jpg,0
raw/car/car532.jpg,0
raw/car/car533.jpg,0
raw/car/car535.jpg,0
raw/car/car536.jpg,0
raw/car/car538.jpg,0
raw/car/car539.jpg,0
raw/car/car540.jpg,0
raw/car/car541.jpg,0
raw/car/car542.jpg,0
raw/car/car543.jpg,0
raw/car/car545.jpg,0
raw/car/car548.jpg,0
raw/car/car549.jpg,0
raw/car/car550.jpg,0
raw/car/car552.jpg,0
raw/car/car553.jpg,0
raw/car/car554.jpg,0
raw/car/car555.jpg,0
raw/car/car556.jpg,0
raw/car/car557.jpg,0
raw/car/car558.jpg,0
raw/car/car560.jpg,0
raw/car/car561.jpg,0
raw/car/car562.jpg,0
raw/car/car563.jpg,0
raw/car/car564.jpg,0
raw/car/car565.jpg,0
raw/car/car567.jpg,0
raw/car/car569.jpg,0
raw/car/car572.jpg,0
raw/car/car573.jpg,0
raw/car/car575.jpg,0
raw/car/car576.jpg,0
raw/car/car578.jpg,0
raw/car/car579.jpg,0
raw/car/car581.jpg,0
raw/car/car582.jpg,0
raw/car/car584.jpg,0
raw/car/car586.jpg,0
raw/car/car587.jpg,0
raw/car/car589.jpg,0
raw/car/car590.jpg,0
raw/car/car591.jpg,0
raw/car/car592.jpg,0
raw/car/car593.jpg,0
raw/car/car594.jpg,0
raw/car/car595.jpg,0
raw/car/car596.jpg,0
raw/car/car597.jpg,0
raw/car/car598.jpg,0
raw/car/car599.jpg,0
raw/car/car601.jpg,0
raw/car/car602.jpg,0
raw/car/car603.jpg,0
raw/car/car605.jpg,0
raw/car/car607.jpg,0
raw/car/car608.jpg,0
raw/car/car609.jpg,0
raw/car/car610.jpg,0
raw/car/car612.jpg,0
raw/car/car614.jpg,0
raw/car/car615.jpg,0
raw/car/car616.jpg,0
raw/car/car617.jpg,0
raw/car/car618.jpg,0
raw/car/car619.jpg,0
raw/car/car620.jpg,0
raw/car/car621.jpg,0
raw/car/car622.jpg,0
raw/car/car623.jpg,0
raw/car/car624.jpg,0
raw/car/car627.jpg,0
raw/car/car628.jpg,0
raw/car/car629.jpg,0
raw/car/car630.jpg,0
raw/car/car631.jpg,0
raw/car/car632.jpg,0
raw/car/car633.jpg,0
raw/car/car634.jpg,0
raw/car/car635.jpg,0
raw/car/car636.jpg,0
raw/car/car637.jpg,0
raw/car/car639.jpg,0
raw/car/car640.jpg,0
raw/car/car641.jpg,0
raw/car/car642.jpg,0
raw/car/car643.jpg,0
raw/car/car644.jpg,0
raw/car/car645.jpg,0
raw/car/car648.jpg,0
raw/car/car650.jpg,0
raw/car/car651.jpg,0
raw/car/car652.jpg,0
raw/car/car654.jpg,0
raw/car/car655.jpg,0
raw/car/car656.jpg,0
raw/car/car657.jpg,0
raw/car/car658.jpg,0
raw/car/car659.jpg,0
raw/car/car660.jpg,0
raw/car/car662.jpg,0
raw/car/car663.jpg,0
raw/car/car665.jpg,0
raw/car/car666.jpg,0
raw/car/car668.jpg,0
raw/car/car671.jpg,0
raw/car/car672.jpg,0
raw/car/car673.jpg,0
raw/car/car674.jpg,0
raw/car/car675.jpg,0
raw/car/car676.jpg,0
raw/car/car677.jpg,0
raw/car/car678.jpg,0
raw/car/car679.jpg,0
raw/car/car680.jpg,0
raw/car/car681.jpg,0
raw/car/car682.jpg,0
raw/car/car683.jpg,0
raw/car/car684.jpg,0
raw/car/car685.jpg,0
raw/car/car686.jpg,0
raw/car/car687.jpg,0
raw/car/car688.jpg,0
raw/car/car689.jpg,0
raw/car/car690.jpg,0
raw/car/car692.jpg,0
raw/car/car693.jpg,0
raw/car/car694.jpg,0
raw/car/car695.jpg,0
raw/car/car696.jpg,0
raw/car/car697.jpg,0
raw/car/car699.jpg,0
raw/car/car700.jpg,0
raw/car/car702.jpg,0
raw/car/car703.jpg,0
raw/car/car704.jpg,0
raw/car/car705.jpg,0
raw/car/car706.jpg,0
raw/car/car708.jpg,0
raw/car/car709.jpg,0
raw/car/car710.jpg,0
raw/car/car711.jpg,0
raw/car/car712.jpg,0
raw/car/car713.jpg,0
raw/car/car714.jpg,0
raw/car/car717.jpg,0
raw/car/car719.jpg,0
raw/car/car721.jpg,0
raw/car/car722.jpg,0
raw/car/car723.jpg,0
raw/car/car724.jpg,0
raw/car/car725.jpg,0
raw/car/car726.jpg,0
raw/car/car727.jpg,0
raw/car/car729.jpg,0
raw/car/car731.jpg,0
raw/car/car732.jpg,0
raw/car/car734.jpg,0
raw/car/car735.jpg,0
raw/car/car736.jpg,0
raw/car/car737.jpg,0
raw/car/car738.jpg,0
raw/car/car739.jpg,0
raw/car/car740.jpg,0
raw/car/car742.jpg,0
raw/car/car744.jpg,0
raw/car/car745.jpg,0
raw/car/car746.jpg,0
raw/car/car747.jpg,0
raw/car/car748.jpg,0
raw/car/car749.jpg,0
raw/car/car750.jpg,0
raw/car/car751.jpg,0
raw/car/car752.jpg,0
raw/car/car754.jpg,0
raw/car/car758.jpg,0
raw/car/car759.jpg,0
raw/car/car762.jpg,0
raw/car/car765.jpg,0
raw/car/car766.jpg,0
raw/car/car767.jpg,0
raw/car/car771.jpg,0
raw/car/car773.jpg,0
raw/car/car775.jpg,0
raw/car/car776.jpg,0
raw/car/car777.jpg,0
raw/car/car778.jpg,0
raw/car/car779.jpg,0
raw/truck/truck002.jpg,2
raw/truck/truck003.jpg,2
raw/truck/truck004.jpg,2
raw/truck/truck005.jpg,2
raw/truck/truck007.jpg,2
raw/truck/truck008.jpg,2
raw/truck/truck010.jpg,2
raw/truck/truck012.jpg,2
raw/truck/truck013.jpg,2
raw/truck/truck014.jpg,2
raw/truck/truck015.jpg,2
raw/truck/truck016.jpg,2
raw/truck/truck017.jpg,2
raw/truck/truck019.jpg,2
raw/truck/truck022.jpg,2
raw/truck/truck023.jpg,2
raw/truck/truck024.jpg,2
raw/truck/truck025.jpg,2
raw/truck/truck027.jpg,2
raw/truck/truck028.jpg,2
raw/truck/truck029.jpg,2
raw/truck/truck030.jpg,2
raw/truck/truck032.jpg,2
raw/truck/truck033.jpg,2
raw/truck/truck034.jpg,2
raw/truck/truck035.jpg,2
raw/truck/truck036.jpg,2
raw/truck/truck037.jpg,2
raw/truck/truck038.jpg,2
raw/truck/truck040.jpg,2
raw/truck/truck041.jpg,2
raw/truck/truck042.jpg,2
raw/truck/truck044.jpg,2
raw/truck/truck046.jpg,2
raw/truck/truck047.jpg,2
raw/truck/truck048.jpg,2
raw/truck/truck049.jpg,2
raw/truck/truck050.jpg,2
raw/truck/truck052.jpg,2
raw/truck/truck053.jpg,2
raw/truck/truck054.jpg,2
raw/truck/truck055.jpg,2
raw/truck/truck056.jpg,2
raw/truck/truck057.jpg,2
raw/truck/truck058.jpg,2
raw/truck/truck059.jpg,2
raw/truck/truck060.jpg,2
raw/truck/truck061.jpg,2
raw/truck/truck062.jpg,2
raw/truck/truck063.jpg,2
raw/truck/truck064.jpg,2
raw/truck/truck065.jpg,2
raw/truck/truck066.jpg,2
raw/truck/truck068.jpg,2
raw/truck/truck069.jpg,2
raw/truck/truck070.jpg,2
raw/truck/truck071.jpg,2
raw/truck/truck072.jpg,2
raw/truck/truck073.jpg,2
raw/truck/truck074.jpg,2
raw/truck/truck076.jpg,2
raw/truck/truck077.jpg,2
raw/truck/truck078.jpg,2
raw/truck/truck079.jpg,2
raw/truck/truck081.jpg,2
raw/truck/truck082.jpg,2
raw/truck/truck083.jpg,2
raw/truck/truck085.jpg,2
raw/truck/truck086.jpg,2
raw/truck/truck087.jpg,2
raw/truck/truck089.jpg,2
raw/truck/truck090.jpg,2
raw/truck/truck092.jpg,2
raw/truck/truck094.jpg,2
raw/truck/truck096.jpg,2
raw/truck/truck099.jpg,2
raw/truck/truck100.jpg,2
raw/truck/truck101.jpg,2
raw/truck/truck102.jpg,2
raw/truck/truck104.jpg,2
raw/truck/truck105.jpg,2
raw/truck/truck106.jpg,2
raw/truck/truck108.jpg,2
raw/truck/truck109.jpg,2
raw/truck/truck110.jpg,2
raw/truck/truck111.jpg,2
raw/truck/truck112.jpg,2
raw/truck/truck114.jpg,2
raw/truck/truck115.jpg,2
raw/truck/truck119.jpg,2
raw/truck/truck120.jpg,2
raw/truck/truck121.jpg,2
raw/truck/truck122.jpg,2
raw/truck/truck123.jpg,2
raw/truck/truck125.jpg,2
raw/truck/truck126.jpg,2
raw/truck/truck127.jpg,2
raw/truck/truck128.jpg,2
raw/truck/truck129.jpg,2
raw/truck/truck131.jpg,2
raw/truck/truck132.jpg,2
raw/truck/truck133.jpg,2
raw/truck/truck134.jpg,2
raw/truck/truck135.jpg,2
raw/truck/truck137.jpg,2
raw/truck/truck138.jpg,2
raw/truck/truck139.jpg,2
raw/truck/truck140.jpg,2
raw/truck/truck142.jpg,2
raw/truck/truck143.jpg,2
raw/truck/truck144.jpg,2
raw/truck/truck145.jpg,2
raw/truck/truck147.jpg,2
raw/truck/truck148.jpg,2
raw/truck/truck149.jpg,2
raw/truck/truck150.jpg,2
raw/truck/truck151.jpg,2
raw/truck/truck154.jpg,2
raw/truck/truck156.jpg,2
raw/truck/truck158.jpg,2
raw/truck/truck159.jpg,2
raw/truck/truck160.jpg,2
raw/truck/truck161.jpg,2
raw/truck/truck162.jpg,2
raw/truck/truck163.jpg,2
raw/truck/truck165.jpg,2
raw/truck/truck166.jpg,2
raw/truck/truck167.jpg,2
raw/truck/truck168.jpg,2
raw/truck/truck169.jpg,2
raw/truck/truck172.jpg,2
raw/truck/truck173.jpg,2
raw/truck/truck174.jpg,2
raw/truck/truck175.jpg,2
raw/truck/truck177.jpg,2
raw/truck/truck178.jpg,2
raw/truck/truck179.jpg,2
raw/truck/truck180.jpg,2
raw/truck/truck181.jpg,2
raw/truck/truck182.jpg,2
raw/truck/truck183.jpg,2
raw/truck/truck184.jpg,2
raw/truck/truck186.jpg,2
raw/truck/truck187.jpg,2
raw/truck/truck188.jpg,2
raw/truck/truck189.jpg,2
raw/truck/truck190.jpg,2
raw/truck/truck191.jpg,2
raw/truck/truck194.jpg,2
raw/truck/truck195.jpg,2
raw/truck/truck196.jpg,2
raw/truck/truck198.jpg,2
raw/truck/truck199.jpg,2
raw/truck/truck200.jpg,2
raw/truck/truck201.jpg,2
raw/truck/truck202.jpg,2
raw/truck/truck203.jpg,2
raw/truck/truck204.jpg,2
raw/truck/truck205.jpg,2
raw/truck/truck206.jpg,2
raw/truck/truck208.jpg,2
raw/truck/truck209.jpg,2
raw/truck/truck210.jpg,2
raw/truck/truck212.jpg,2
raw/truck/truck213.jpg,2
raw/truck/truck214.jpg,2
raw/truck/truck215.jpg,2
raw/truck/truck219.jpg,2
raw/truck/truck222.jpg,2
raw/truck/truck224.jpg,2
raw/truck/truck225.jpg,2
raw/truck/truck227.jpg,2
raw/truck/truck228.jpg,2
raw/truck/truck229.jpg,2
raw/truck/truck230.jpg,2
raw/truck/truck231.jpg,2
raw/truck/truck232.jpg,2
raw/truck/truck233.jpg,2
raw/truck/truck234.jpg,2
raw/truck/truck236.jpg,2
raw/truck/truck237.jpg,2
raw/truck/truck238.jpg,2
raw/truck/truck239.jpg,2
raw/truck/truck240.jpg,2
raw/truck/truck241.jpg,2
raw/truck/truck242.jpg,2
raw/truck/truck243.jpg,2
raw/truck/truck244.jpg,2
raw/truck/truck245.jpg,2
raw/truck/truck246.jpg,2
raw/truck/truck247.jpg,2
raw/truck/truck248.jpg,2
raw/truck/truck249.jpg,2
raw/truck/truck250.jpg,2
raw/truck/truck251.jpg,2
raw/truck/truck253.jpg,2
raw/truck/truck254.jpg,2
raw/truck/truck255.jpg,2
raw/truck/truck256.jpg,2
raw/truck/truck257.jpg,2
raw/truck/truck258.jpg,2
raw/truck/truck260.jpg,2
raw/truck/truck262.jpg,2
raw/truck/truck263.jpg,2
raw/truck/truck265.jpg,2
raw/truck/truck266.jpg,2
raw/truck/truck267.jpg,2
raw/truck/truck268.jpg,2
raw/truck/truck269.jpg,2
raw/truck/truck270.jpg,2
raw/truck/truck272.jpg,2
raw/truck/truck273.jpg,2
raw/truck/truck274.jpg,2
raw/truck/truck275.jpg,2
raw/truck/truck276.jpg,2
raw/truck/truck277.jpg,2
raw/truck/truck278.jpg,2
raw/truck/truck279.jpg,2
raw/truck/truck280.jpg,2
raw/truck/truck281.jpg,2
raw/truck/truck282.jpg,2
raw/truck/truck283.jpg,2
raw/truck/truck284.jpg,2
raw/truck/truck285.jpg,2
raw/truck/truck286.jpg,2
raw/truck/truck287.jpg,2
raw/truck/truck288.jpg,2
raw/truck/truck289.jpg,2
raw/truck/truck290.jpg,2
raw/truck/truck291.jpg,2
raw/truck/truck292.jpg,2
raw/truck/truck293.jpg,2
raw/truck/truck294.jpg,2
raw/truck/truck295.jpg,2
raw/truck/truck296.jpg,2
raw/truck/truck297.jpg,2
raw/truck/truck298.jpg,2
raw/truck/truck299.jpg,2
raw/truck/truck300.jpg,2
raw/truck/truck301.jpg,2
raw/truck/truck302.jpg,2
raw/truck/truck303.jpg,2
raw/truck/truck304.jpg,2
raw/truck/truck305.jpg,2
raw/truck/truck307.jpg,2
raw/truck/truck308.jpg,2
raw/truck/truck310.jpg,2
raw/truck/truck312.jpg,2
raw/truck/truck313.jpg,2
raw/truck/truck314.jpg,2
raw/truck/truck315.jpg,2
raw/truck/truck316.jpg,2
raw/truck/truck318.jpg,2
raw/truck/truck319.jpg,2
raw/truck/truck320.jpg,2
raw/truck/truck321.jpg,2
raw/truck/truck322.jpg,2
raw/truck/truck323.jpg,2
raw/truck/truck324.jpg,2
raw/truck/truck325.jpg,2
raw/truck/truck327.jpg,2
raw/truck/truck330.jpg,2
raw/truck/truck331.jpg,2
raw/truck/truck332.jpg,2
raw/truck/truck334.jpg,2
raw/truck/truck336.jpg,2
raw/truck/truck337.jpg,2
raw/truck/truck338.jpg,2
raw/truck/truck339.jpg,2
raw/truck/truck340.jpg,2
raw/truck/truck341.jpg,2
raw/truck/truck342.jpg,2
raw/truck/truck343.jpg,2
raw/truck/truck344.jpg,2
raw/truck/truck346.jpg,2
raw/truck/truck347.jpg,2
raw/truck/truck348.jpg,2
raw/truck/truck349.jpg,2
raw/truck/truck350.jpg,2
raw/truck/truck351.jpg,2
raw/truck/truck352.jpg,2
raw/truck/truck353.jpg,2
raw/truck/truck354.jpg,2
raw/truck/truck355.jpg,2
raw/truck/truck356.jpg,2
raw/truck/truck357.jpg,2
raw/truck/truck358.jpg,2
raw/truck/truck359.jpg,2
